split,true_class,predicted_class,confidence,bucket,action,correct,path
validation,atencion,sano,0.478227,baja,captura_adicional_revision_o_gemini,False,dataset_curado/validation/atencion/atencion_00197.jpg
validation,atencion,atencion,0.910820,alta,clasificacion_preliminar_no_final,True,dataset_curado/validation/atencion/atencion_00209.jpg
validation,atencion,atencion,0.896848,alta,clasificacion_preliminar_no_final,True,dataset_curado/validation/atencion/atencion_00223.jpg
validation,atencion,atencion,0.642211,media,agregar_con_otras_imagenes_del_grupo,True,dataset_curado/validation/atencion/atencion_00239.jpg
validation,atencion,atencion,0.783322,media,agregar_con_otras_imagenes_del_grupo,True,dataset_curado/validation/atencion/atencion_00272.jpg
validation,atencion,atencion,0.651905,media,agregar_con_otras_imagenes_del_grupo,True,dataset_curado/validation/atencion/atencion_00289.jpg
validation,atencion,atencion,0.755354,media,agregar_con_otras_imagenes_del_grupo,True,dataset_curado/validation/atencion/atencion_00302.jpg
validation,atencion,atencion,0.713273,media,agregar_con_otras_imagenes_del_grupo,True,dataset_curado/validation/atencion/atencion_00453.jpg
validation,atencion,peligro,0.543329,baja,captura_adicional_revision_o_gemini,False,dataset_curado/validation/atencion/atencion_00481.jpg
validation,atencion,peligro,0.634943,media,agregar_con_otras_imagenes_del_grupo,False,dataset_curado/validation/atencion/atencion_00540.jpg
validation,atencion,atencion,0.715343,media,agregar_con_otras_imagenes_del_grupo,True,dataset_curado/validation/atencion/atencion_00597.jpg
validation,atencion,peligro,0.872380,alta,alerta_preliminar_y_confirmar_con_gemini,False,dataset_curado/validation/atencion/atencion_00607.jpg
validation,atencion,sano,0.655475,media,agregar_con_otras_imagenes_del_grupo,False,dataset_curado/validation/atencion/atencion_00652.jpg
validation,atencion,peligro,0.818468,alta,alerta_preliminar_y_confirmar_con_gemini,False,dataset_curado/validation/atencion/atencion_00691.jpg
validation,atencion,peligro,0.971287,alta,alerta_preliminar_y_confirmar_con_gemini,False,dataset_curado/validation/atencion/atencion_00708.jpg
validation,atencion,atencion,0.387437,baja,captura_adicional_revision_o_gemini,True,dataset_curado/validation/atencion/atencion_00738.jpg
validation,atencion,atencion,0.927876,alta,clasificacion_preliminar_no_final,True,dataset_curado/validation/atencion/atencion_00748.jpg
validation,atencion,peligro,0.787667,media,agregar_con_otras_imagenes_del_grupo,False,dataset_curado/validation/atencion/atencion_00774.jpg
validation,atencion,atencion,0.658595,media,agregar_con_otras_imagenes_del_grupo,True,dataset_curado/validation/atencion/atencion_01157.jpg
validation,atencion,sano,0.532187,baja,captura_adicional_revision_o_gemini,False,dataset_curado/validation/atencion/atencion_01163.jpg
validation,atencion,peligro,0.729373,media,agregar_con_otras_imagenes_del_grupo,False,dataset_curado/validation/atencion/atencion_01168.jpg
validation,atencion,atencion,0.895239,alta,clasificacion_preliminar_no_final,True,dataset_curado/validation/atencion/atencion_01210.jpg
validation,atencion,atencion,0.615270,media,agregar_con_otras_imagenes_del_grupo,True,dataset_curado/validation/atencion/atencion_01216.jpg
validation,atencion,peligro,0.935801,alta,alerta_preliminar_y_confirmar_con_gemini,False,dataset_curado/validation/atencion/atencion_01238.jpg
validation,atencion,sano,0.636194,media,agregar_con_otras_imagenes_del_grupo,False,dataset_curado/validation/atencion/atencion_01246.jpg
validation,atencion,peligro,0.865961,alta,alerta_preliminar_y_confirmar_con_gemini,False,dataset_curado/validation/atencion/atencion_01264.jpg
validation,atencion,peligro,0.698319,media,agregar_con_otras_imagenes_del_grupo,False,dataset_curado/validation/atencion/atencion_01277.jpg
validation,atencion,peligro,0.716347,media,agregar_con_otras_imagenes_del_grupo,False,dataset_curado/validation/atencion/atencion_01278.jpg
validation,atencion,atencion,0.548032,baja,captura_adicional_revision_o_gemini,True,dataset_curado/validation/atencion/atencion_01300.jpg
validation,atencion,sano,0.568960,baja,captura_adicional_revision_o_gemini,False,dataset_curado/validation/atencion/atencion_01325.jpg
validation,atencion,atencion,0.459041,baja,captura_adicional_revision_o_gemini,True,dataset_curado/validation/atencion/atencion_01360.jpg
validation,atencion,atencion,0.941734,alta,clasificacion_preliminar_no_final,True,dataset_curado/validation/atencion/atencion_01370.jpg
validation,atencion,atencion,0.850941,alta,clasificacion_preliminar_no_final,True,dataset_curado/validation/atencion/atencion_01382.jpg
validation,atencion,atencion,0.700866,media,agregar_con_otras_imagenes_del_grupo,True,dataset_curado/validation/atencion/atencion_01395.jpg
validation,atencion,atencion,0.793444,media,agregar_con_otras_imagenes_del_grupo,True,dataset_curado/validation/atencion/atencion_01419.jpg
validation,atencion,sano,0.748344,media,agregar_con_otras_imagenes_del_grupo,False,dataset_curado/validation/atencion/atencion_01453.jpg
validation,atencion,atencion,0.713075,media,agregar_con_otras_imagenes_del_grupo,True,dataset_curado/validation/atencion/atencion_01511.jpg
validation,atencion,atencion,0.553849,baja,captura_adicional_revision_o_gemini,True,dataset_curado/validation/atencion/atencion_01539.jpg
validation,atencion,peligro,0.769696,media,agregar_con_otras_imagenes_del_grupo,False,dataset_curado/validation/atencion/atencion_01540.jpg
validation,atencion,peligro,0.908964,alta,alerta_preliminar_y_confirmar_con_gemini,False,dataset_curado/validation/atencion/atencion_01563.jpg
validation,atencion,peligro,0.823488,alta,alerta_preliminar_y_confirmar_con_gemini,False,dataset_curado/validation/atencion/atencion_01603.jpg
validation,atencion,atencion,0.580550,baja,captura_adicional_revision_o_gemini,True,dataset_curado/validation/atencion/atencion_01666.jpg
validation,atencion,atencion,0.477746,baja,captura_adicional_revision_o_gemini,True,dataset_curado/validation/atencion/atencion_01667.jpg
validation,atencion,sano,0.452515,baja,captura_adicional_revision_o_gemini,False,dataset_curado/validation/atencion/atencion_01698.jpg
validation,atencion,sano,0.761344,media,agregar_con_otras_imagenes_del_grupo,False,dataset_curado/validation/atencion/atencion_01720.jpg
validation,atencion,peligro,0.693948,media,agregar_con_otras_imagenes_del_grupo,False,dataset_curado/validation/atencion/atencion_01733.jpg
validation,atencion,peligro,0.962862,alta,alerta_preliminar_y_confirmar_con_gemini,False,dataset_curado/validation/atencion/atencion_01738.jpg
validation,atencion,atencion,0.601990,media,agregar_con_otras_imagenes_del_grupo,True,dataset_curado/validation/atencion/atencion_01745.jpg
validation,atencion,peligro,0.819076,alta,alerta_preliminar_y_confirmar_con_gemini,False,dataset_curado/validation/atencion/atencion_01752.jpg
validation,atencion,peligro,0.982738,alta,alerta_preliminar_y_confirmar_con_gemini,False,dataset_curado/validation/atencion/atencion_01760.jpg
validation,atencion,peligro,0.714303,media,agregar_con_otras_imagenes_del_grupo,False,dataset_curado/validation/atencion/atencion_01776.jpg
validation,atencion,sano,0.362093,baja,captura_adicional_revision_o_gemini,False,dataset_curado/validation/atencion/atencion_01834.jpg
validation,atencion,atencion,0.902340,alta,clasificacion_preliminar_no_final,True,dataset_curado/validation/atencion/atencion_01838.jpg
validation,atencion,sano,0.632449,media,agregar_con_otras_imagenes_del_grupo,False,dataset_curado/validation/atencion/atencion_01868.jpg
validation,atencion,atencion,0.486573,baja,captura_adicional_revision_o_gemini,True,dataset_curado/validation/atencion/atencion_01883.jpg
validation,atencion,sano,0.547317,baja,captura_adicional_revision_o_gemini,False,dataset_curado/validation/atencion/atencion_01986.jpg
validation,atencion,sano,0.926657,alta,clasificacion_preliminar_no_final,False,dataset_curado/validation/atencion/atencion_02025.jpg
validation,atencion,peligro,0.516384,baja,captura_adicional_revision_o_gemini,False,dataset_curado/validation/atencion/atencion_02054.jpg
validation,atencion,peligro,0.499848,baja,captura_adicional_revision_o_gemini,False,dataset_curado/validation/atencion/atencion_02116.jpg
validation,atencion,atencion,0.610919,media,agregar_con_otras_imagenes_del_grupo,True,dataset_curado/validation/atencion/atencion_02199.jpg
validation,atencion,atencion,0.661073,media,agregar_con_otras_imagenes_del_grupo,True,dataset_curado/validation/atencion/atencion_02292.jpg
validation,atencion,atencion,0.467787,baja,captura_adicional_revision_o_gemini,True,dataset_curado/validation/atencion/atencion_02302.jpg
validation,atencion,atencion,0.561841,baja,captura_adicional_revision_o_gemini,True,dataset_curado/validation/atencion/atencion_02304.jpg
validation,atencion,peligro,0.617374,media,agregar_con_otras_imagenes_del_grupo,False,dataset_curado/validation/atencion/atencion_02305.jpg
validation,atencion,atencion,0.775145,media,agregar_con_otras_imagenes_del_grupo,True,dataset_curado/validation/atencion/atencion_02396.jpg
validation,atencion,sano,0.594119,baja,captura_adicional_revision_o_gemini,False,dataset_curado/validation/atencion/atencion_02402.jpg
validation,atencion,atencion,0.785251,media,agregar_con_otras_imagenes_del_grupo,True,dataset_curado/validation/atencion/atencion_02443.jpg
validation,atencion,atencion,0.610584,media,agregar_con_otras_imagenes_del_grupo,True,dataset_curado/validation/atencion/atencion_02590.jpg
validation,atencion,sano,0.868010,alta,clasificacion_preliminar_no_final,False,dataset_curado/validation/atencion/atencion_02929.jpg
validation,atencion,peligro,0.600913,media,agregar_con_otras_imagenes_del_grupo,False,dataset_curado/validation/atencion/atencion_03006.jpg
validation,atencion,peligro,0.487210,baja,captura_adicional_revision_o_gemini,False,dataset_curado/validation/atencion/atencion_03035.jpg
validation,atencion,atencion,0.894435,alta,clasificacion_preliminar_no_final,True,dataset_curado/validation/atencion/atencion_03116.jpg
validation,atencion,atencion,0.874931,alta,clasificacion_preliminar_no_final,True,dataset_curado/validation/atencion/atencion_03120.jpg
validation,atencion,atencion,0.715647,media,agregar_con_otras_imagenes_del_grupo,True,dataset_curado/validation/atencion/atencion_03163.jpg
validation,atencion,atencion,0.666573,media,agregar_con_otras_imagenes_del_grupo,True,dataset_curado/validation/atencion/atencion_03361.jpg
validation,atencion,atencion,0.881642,alta,clasificacion_preliminar_no_final,True,dataset_curado/validation/atencion/atencion_03394.jpg
validation,atencion,atencion,0.762533,media,agregar_con_otras_imagenes_del_grupo,True,dataset_curado/validation/atencion/atencion_03458.jpg
validation,atencion,sano,0.514428,baja,captura_adicional_revision_o_gemini,False,dataset_curado/validation/atencion/atencion_03467.jpg
validation,atencion,peligro,0.512902,baja,captura_adicional_revision_o_gemini,False,dataset_curado/validation/atencion/atencion_03487.jpg
validation,atencion,atencion,0.858711,alta,clasificacion_preliminar_no_final,True,dataset_curado/validation/atencion/atencion_03529.jpg
validation,atencion,atencion,0.738538,media,agregar_con_otras_imagenes_del_grupo,True,dataset_curado/validation/atencion/atencion_03543.jpg
validation,atencion,atencion,0.927827,alta,clasificacion_preliminar_no_final,True,dataset_curado/validation/atencion/atencion_03761.jpg
validation,atencion,atencion,0.947617,alta,clasificacion_preliminar_no_final,True,dataset_curado/validation/atencion/atencion_03825.jpg
validation,atencion,atencion,0.517575,baja,captura_adicional_revision_o_gemini,True,dataset_curado/validation/atencion/atencion_03986.jpg
validation,atencion,atencion,0.923677,alta,clasificacion_preliminar_no_final,True,dataset_curado/validation/atencion/atencion_04073.jpg
validation,atencion,atencion,0.909525,alta,clasificacion_preliminar_no_final,True,dataset_curado/validation/atencion/atencion_04601.jpg
validation,atencion,peligro,0.747059,media,agregar_con_otras_imagenes_del_grupo,False,dataset_curado/validation/atencion/atencion_04914.jpg
validation,atencion,peligro,0.848425,alta,alerta_preliminar_y_confirmar_con_gemini,False,dataset_curado/validation/atencion/atencion_05084.jpg
validation,atencion,atencion,0.487916,baja,captura_adicional_revision_o_gemini,True,dataset_curado/validation/atencion/atencion_05090.jpg
validation,atencion,sano,0.398023,baja,captura_adicional_revision_o_gemini,False,dataset_curado/validation/atencion/atencion_05094.jpg
validation,atencion,atencion,0.553068,baja,captura_adicional_revision_o_gemini,True,dataset_curado/validation/atencion/atencion_05164.jpg
validation,atencion,atencion,0.972872,alta,clasificacion_preliminar_no_final,True,dataset_curado/validation/atencion/atencion_05404.jpg
validation,atencion,peligro,0.612390,media,agregar_con_otras_imagenes_del_grupo,False,dataset_curado/validation/atencion/atencion_05416.jpg
validation,atencion,sano,0.946776,alta,clasificacion_preliminar_no_final,False,dataset_curado/validation/atencion/atencion_05457.jpg
validation,atencion,sano,0.868159,alta,clasificacion_preliminar_no_final,False,dataset_curado/validation/atencion/atencion_06502.jpg
validation,atencion,atencion,0.466368,baja,captura_adicional_revision_o_gemini,True,dataset_curado/validation/atencion/atencion_06510.jpg
validation,atencion,atencion,0.906367,alta,clasificacion_preliminar_no_final,True,dataset_curado/validation/atencion/atencion_06624.jpg
validation,atencion,sano,0.494952,baja,captura_adicional_revision_o_gemini,False,dataset_curado/validation/atencion/atencion_07150.jpg
validation,atencion,sano,0.551652,baja,captura_adicional_revision_o_gemini,False,dataset_curado/validation/atencion/atencion_07330.jpg
validation,atencion,atencion,0.573413,baja,captura_adicional_revision_o_gemini,True,dataset_curado/validation/atencion/atencion_07608.jpg
validation,atencion,sano,0.744085,media,agregar_con_otras_imagenes_del_grupo,False,dataset_curado/validation/atencion/atencion_07746.jpg
validation,atencion,atencion,0.527975,baja,captura_adicional_revision_o_gemini,True,dataset_curado/validation/atencion/atencion_08059.jpg
validation,atencion,peligro,0.721386,media,agregar_con_otras_imagenes_del_grupo,False,dataset_curado/validation/atencion/atencion_08134.jpg
validation,atencion,peligro,0.969981,alta,alerta_preliminar_y_confirmar_con_gemini,False,dataset_curado/validation/atencion/atencion_09264.jpg
validation,atencion,atencion,0.499608,baja,captura_adicional_revision_o_gemini,True,dataset_curado/validation/atencion/atencion_09533.jpg
validation,atencion,sano,0.851724,alta,clasificacion_preliminar_no_final,False,dataset_curado/validation/atencion/atencion_09685.jpg
validation,atencion,atencion,0.506504,baja,captura_adicional_revision_o_gemini,True,dataset_curado/validation/atencion/atencion_09808.jpg
validation,atencion,atencion,0.673441,media,agregar_con_otras_imagenes_del_grupo,True,dataset_curado/validation/atencion/atencion_11541.jpg
validation,atencion,sano,0.534375,baja,captura_adicional_revision_o_gemini,False,dataset_curado/validation/atencion/atencion_11672.jpg
validation,atencion,atencion,0.532043,baja,captura_adicional_revision_o_gemini,True,dataset_curado/validation/atencion/atencion_11863.jpg
validation,atencion,peligro,0.490602,baja,captura_adicional_revision_o_gemini,False,dataset_curado/validation/atencion/atencion_12984.jpg
validation,atencion,sano,0.751100,media,agregar_con_otras_imagenes_del_grupo,False,dataset_curado/validation/atencion/atencion_13277.jpg
validation,atencion,atencion,0.943566,alta,clasificacion_preliminar_no_final,True,dataset_curado/validation/atencion/atencion_14069.jpg
validation,atencion,atencion,0.913456,alta,clasificacion_preliminar_no_final,True,dataset_curado/validation/atencion/atencion_14073.jpg
validation,atencion,atencion,0.889019,alta,clasificacion_preliminar_no_final,True,dataset_curado/validation/atencion/atencion_14076.jpg
validation,atencion,atencion,0.936802,alta,clasificacion_preliminar_no_final,True,dataset_curado/validation/atencion/atencion_14078.jpg
validation,atencion,atencion,0.832949,alta,clasificacion_preliminar_no_final,True,dataset_curado/validation/atencion/atencion_14090.jpg
validation,atencion,atencion,0.877703,alta,clasificacion_preliminar_no_final,True,dataset_curado/validation/atencion/atencion_14095.jpg
validation,atencion,sano,0.815411,alta,clasificacion_preliminar_no_final,False,dataset_curado/validation/atencion/atencion_14100.jpg
validation,atencion,atencion,0.711050,media,agregar_con_otras_imagenes_del_grupo,True,dataset_curado/validation/atencion/atencion_14104.jpg
validation,atencion,atencion,0.760161,media,agregar_con_otras_imagenes_del_grupo,True,dataset_curado/validation/atencion/atencion_14110.jpg
validation,atencion,atencion,0.574303,baja,captura_adicional_revision_o_gemini,True,dataset_curado/validation/atencion/atencion_14115.jpg
validation,atencion,atencion,0.932570,alta,clasificacion_preliminar_no_final,True,dataset_curado/validation/atencion/atencion_14119.jpg
validation,atencion,atencion,0.554927,baja,captura_adicional_revision_o_gemini,True,dataset_curado/validation/atencion/atencion_14122.jpg
validation,atencion,atencion,0.740033,media,agregar_con_otras_imagenes_del_grupo,True,dataset_curado/validation/atencion/atencion_14125.jpg
validation,atencion,atencion,0.973502,alta,clasificacion_preliminar_no_final,True,dataset_curado/validation/atencion/atencion_14128.jpg
validation,atencion,atencion,0.954850,alta,clasificacion_preliminar_no_final,True,dataset_curado/validation/atencion/atencion_14129.jpg
validation,atencion,atencion,0.585827,baja,captura_adicional_revision_o_gemini,True,dataset_curado/validation/atencion/atencion_14143.jpg
validation,atencion,atencion,0.655657,media,agregar_con_otras_imagenes_del_grupo,True,dataset_curado/validation/atencion/atencion_14149.jpg
validation,atencion,sano,0.779269,media,agregar_con_otras_imagenes_del_grupo,False,dataset_curado/validation/atencion/atencion_14157.jpg
validation,atencion,atencion,0.853885,alta,clasificacion_preliminar_no_final,True,dataset_curado/validation/atencion/atencion_14168.jpg
validation,atencion,atencion,0.926642,alta,clasificacion_preliminar_no_final,True,dataset_curado/validation/atencion/atencion_14169.jpg
validation,atencion,atencion,0.628586,media,agregar_con_otras_imagenes_del_grupo,True,dataset_curado/validation/atencion/atencion_14173.jpg
validation,atencion,atencion,0.868181,alta,clasificacion_preliminar_no_final,True,dataset_curado/validation/atencion/atencion_14178.jpg
validation,atencion,atencion,0.688895,media,agregar_con_otras_imagenes_del_grupo,True,dataset_curado/validation/atencion/atencion_14179.jpg
validation,atencion,atencion,0.865076,alta,clasificacion_preliminar_no_final,True,dataset_curado/validation/atencion/atencion_14184.jpg
validation,atencion,atencion,0.906782,alta,clasificacion_preliminar_no_final,True,dataset_curado/validation/atencion/atencion_14191.jpg
validation,atencion,atencion,0.513686,baja,captura_adicional_revision_o_gemini,True,dataset_curado/validation/atencion/atencion_14194.jpg
validation,atencion,atencion,0.917224,alta,clasificacion_preliminar_no_final,True,dataset_curado/validation/atencion/atencion_14197.jpg
validation,atencion,atencion,0.777160,media,agregar_con_otras_imagenes_del_grupo,True,dataset_curado/validation/atencion/atencion_14198.jpg
validation,atencion,atencion,0.919730,alta,clasificacion_preliminar_no_final,True,dataset_curado/validation/atencion/atencion_14199.jpg
validation,atencion,atencion,0.817144,alta,clasificacion_preliminar_no_final,True,dataset_curado/validation/atencion/atencion_14201.jpg
validation,atencion,sano,0.516603,baja,captura_adicional_revision_o_gemini,False,dataset_curado/validation/atencion/atencion_14205.jpg
validation,atencion,sano,0.608103,media,agregar_con_otras_imagenes_del_grupo,False,dataset_curado/validation/atencion/atencion_14211.jpg
validation,atencion,atencion,0.789058,media,agregar_con_otras_imagenes_del_grupo,True,dataset_curado/validation/atencion/atencion_14215.jpg
validation,atencion,sano,0.911470,alta,clasificacion_preliminar_no_final,False,dataset_curado/validation/atencion/atencion_14227.jpg
validation,peligro,peligro,0.893954,alta,alerta_preliminar_y_confirmar_con_gemini,True,dataset_curado/validation/peligro/peligro_00034.jpg
validation,peligro,atencion,0.582927,baja,captura_adicional_revision_o_gemini,False,dataset_curado/validation/peligro/peligro_00066.jpg
validation,peligro,peligro,0.445515,baja,captura_adicional_revision_o_gemini,True,dataset_curado/validation/peligro/peligro_00077.jpg
validation,peligro,peligro,0.766883,media,agregar_con_otras_imagenes_del_grupo,True,dataset_curado/validation/peligro/peligro_00087.jpg
validation,peligro,peligro,0.582108,baja,captura_adicional_revision_o_gemini,True,dataset_curado/validation/peligro/peligro_00094.jpg
validation,peligro,peligro,0.868103,alta,alerta_preliminar_y_confirmar_con_gemini,True,dataset_curado/validation/peligro/peligro_00143.jpg
validation,peligro,peligro,0.726963,media,agregar_con_otras_imagenes_del_grupo,True,dataset_curado/validation/peligro/peligro_00231.jpg
validation,peligro,peligro,0.774602,media,agregar_con_otras_imagenes_del_grupo,True,dataset_curado/validation/peligro/peligro_00246.jpg
validation,peligro,peligro,0.827705,alta,alerta_preliminar_y_confirmar_con_gemini,True,dataset_curado/validation/peligro/peligro_00305.jpg
validation,peligro,peligro,0.869805,alta,alerta_preliminar_y_confirmar_con_gemini,True,dataset_curado/validation/peligro/peligro_00370.jpg
validation,peligro,peligro,0.833001,alta,alerta_preliminar_y_confirmar_con_gemini,True,dataset_curado/validation/peligro/peligro_00379.jpg
validation,peligro,peligro,0.560770,baja,captura_adicional_revision_o_gemini,True,dataset_curado/validation/peligro/peligro_00420.jpg
validation,peligro,peligro,0.888592,alta,alerta_preliminar_y_confirmar_con_gemini,True,dataset_curado/validation/peligro/peligro_00443.jpg
validation,peligro,peligro,0.810585,alta,alerta_preliminar_y_confirmar_con_gemini,True,dataset_curado/validation/peligro/peligro_00451.jpg
validation,peligro,peligro,0.601432,media,agregar_con_otras_imagenes_del_grupo,True,dataset_curado/validation/peligro/peligro_00459.jpg
validation,peligro,sano,0.431417,baja,captura_adicional_revision_o_gemini,False,dataset_curado/validation/peligro/peligro_00498.jpg
validation,peligro,peligro,0.868498,alta,alerta_preliminar_y_confirmar_con_gemini,True,dataset_curado/validation/peligro/peligro_00575.jpg
validation,peligro,peligro,0.904841,alta,alerta_preliminar_y_confirmar_con_gemini,True,dataset_curado/validation/peligro/peligro_00609.jpg
validation,peligro,peligro,0.621233,media,agregar_con_otras_imagenes_del_grupo,True,dataset_curado/validation/peligro/peligro_00675.jpg
validation,peligro,peligro,0.652519,media,agregar_con_otras_imagenes_del_grupo,True,dataset_curado/validation/peligro/peligro_00696.jpg
validation,peligro,peligro,0.960782,alta,alerta_preliminar_y_confirmar_con_gemini,True,dataset_curado/validation/peligro/peligro_00746.jpg
validation,peligro,peligro,0.819007,alta,alerta_preliminar_y_confirmar_con_gemini,True,dataset_curado/validation/peligro/peligro_00851.jpg
validation,peligro,peligro,0.984468,alta,alerta_preliminar_y_confirmar_con_gemini,True,dataset_curado/validation/peligro/peligro_00882.jpg
validation,peligro,peligro,0.928682,alta,alerta_preliminar_y_confirmar_con_gemini,True,dataset_curado/validation/peligro/peligro_00905.jpg
validation,peligro,peligro,0.909687,alta,alerta_preliminar_y_confirmar_con_gemini,True,dataset_curado/validation/peligro/peligro_01000.jpg
validation,peligro,peligro,0.615212,media,agregar_con_otras_imagenes_del_grupo,True,dataset_curado/validation/peligro/peligro_01007.jpg
validation,peligro,peligro,0.994606,alta,alerta_preliminar_y_confirmar_con_gemini,True,dataset_curado/validation/peligro/peligro_01041.jpg
validation,peligro,peligro,0.992063,alta,alerta_preliminar_y_confirmar_con_gemini,True,dataset_curado/validation/peligro/peligro_01083.jpg
validation,peligro,peligro,0.636563,media,agregar_con_otras_imagenes_del_grupo,True,dataset_curado/validation/peligro/peligro_01139.jpg
validation,peligro,peligro,0.987420,alta,alerta_preliminar_y_confirmar_con_gemini,True,dataset_curado/validation/peligro/peligro_01179.jpg
validation,peligro,peligro,0.777846,media,agregar_con_otras_imagenes_del_grupo,True,dataset_curado/validation/peligro/peligro_01222.jpg
validation,peligro,atencion,0.559837,baja,captura_adicional_revision_o_gemini,False,dataset_curado/validation/peligro/peligro_01243.jpg
validation,peligro,atencion,0.736502,media,agregar_con_otras_imagenes_del_grupo,False,dataset_curado/validation/peligro/peligro_01283.jpg
validation,peligro,peligro,0.533500,baja,captura_adicional_revision_o_gemini,True,dataset_curado/validation/peligro/peligro_01300.jpg
validation,peligro,atencion,0.571613,baja,captura_adicional_revision_o_gemini,False,dataset_curado/validation/peligro/peligro_01317.jpg
validation,peligro,atencion,0.602363,media,agregar_con_otras_imagenes_del_grupo,False,dataset_curado/validation/peligro/peligro_01318.jpg
validation,peligro,sano,0.640734,media,agregar_con_otras_imagenes_del_grupo,False,dataset_curado/validation/peligro/peligro_01321.jpg
validation,peligro,peligro,0.898633,alta,alerta_preliminar_y_confirmar_con_gemini,True,dataset_curado/validation/peligro/peligro_01322.jpg
validation,peligro,peligro,0.535849,baja,captura_adicional_revision_o_gemini,True,dataset_curado/validation/peligro/peligro_01326.jpg
validation,peligro,sano,0.680223,media,agregar_con_otras_imagenes_del_grupo,False,dataset_curado/validation/peligro/peligro_01360.jpg
validation,peligro,atencion,0.457624,baja,captura_adicional_revision_o_gemini,False,dataset_curado/validation/peligro/peligro_01370.jpg
validation,peligro,sano,0.795930,media,agregar_con_otras_imagenes_del_grupo,False,dataset_curado/validation/peligro/peligro_01374.jpg
validation,peligro,sano,0.372020,baja,captura_adicional_revision_o_gemini,False,dataset_curado/validation/peligro/peligro_01396.jpg
validation,peligro,atencion,0.654226,media,agregar_con_otras_imagenes_del_grupo,False,dataset_curado/validation/peligro/peligro_01405.jpg
validation,peligro,atencion,0.455609,baja,captura_adicional_revision_o_gemini,False,dataset_curado/validation/peligro/peligro_01463.jpg
validation,peligro,peligro,0.746003,media,agregar_con_otras_imagenes_del_grupo,True,dataset_curado/validation/peligro/peligro_01478.jpg
validation,peligro,sano,0.428093,baja,captura_adicional_revision_o_gemini,False,dataset_curado/validation/peligro/peligro_01531.jpg
validation,peligro,sano,0.618284,media,agregar_con_otras_imagenes_del_grupo,False,dataset_curado/validation/peligro/peligro_01556.jpg
validation,peligro,peligro,0.766328,media,agregar_con_otras_imagenes_del_grupo,True,dataset_curado/validation/peligro/peligro_01569.jpg
validation,peligro,peligro,0.785187,media,agregar_con_otras_imagenes_del_grupo,True,dataset_curado/validation/peligro/peligro_01643.jpg
validation,peligro,atencion,0.762502,media,agregar_con_otras_imagenes_del_grupo,False,dataset_curado/validation/peligro/peligro_01679.jpg
validation,peligro,peligro,0.947119,alta,alerta_preliminar_y_confirmar_con_gemini,True,dataset_curado/validation/peligro/peligro_01782.jpg
validation,peligro,peligro,0.765776,media,agregar_con_otras_imagenes_del_grupo,True,dataset_curado/validation/peligro/peligro_01790.jpg
validation,peligro,peligro,0.768787,media,agregar_con_otras_imagenes_del_grupo,True,dataset_curado/validation/peligro/peligro_01796.jpg
validation,peligro,atencion,0.634115,media,agregar_con_otras_imagenes_del_grupo,False,dataset_curado/validation/peligro/peligro_01874.jpg
validation,peligro,sano,0.762542,media,agregar_con_otras_imagenes_del_grupo,False,dataset_curado/validation/peligro/peligro_01929.jpg
validation,peligro,peligro,0.828860,alta,alerta_preliminar_y_confirmar_con_gemini,True,dataset_curado/validation/peligro/peligro_01941.jpg
validation,peligro,peligro,0.945513,alta,alerta_preliminar_y_confirmar_con_gemini,True,dataset_curado/validation/peligro/peligro_01947.jpg
validation,peligro,peligro,0.790476,media,agregar_con_otras_imagenes_del_grupo,True,dataset_curado/validation/peligro/peligro_01976.jpg
validation,peligro,atencion,0.449570,baja,captura_adicional_revision_o_gemini,False,dataset_curado/validation/peligro/peligro_01981.jpg
validation,peligro,peligro,0.915656,alta,alerta_preliminar_y_confirmar_con_gemini,True,dataset_curado/validation/peligro/peligro_01985.jpg
validation,peligro,peligro,0.735699,media,agregar_con_otras_imagenes_del_grupo,True,dataset_curado/validation/peligro/peligro_02024.jpg
validation,peligro,sano,0.604106,media,agregar_con_otras_imagenes_del_grupo,False,dataset_curado/validation/peligro/peligro_02053.jpg
validation,peligro,peligro,0.843974,alta,alerta_preliminar_y_confirmar_con_gemini,True,dataset_curado/validation/peligro/peligro_02084.jpg
validation,peligro,sano,0.602051,media,agregar_con_otras_imagenes_del_grupo,False,dataset_curado/validation/peligro/peligro_02107.jpg
validation,peligro,peligro,0.612852,media,agregar_con_otras_imagenes_del_grupo,True,dataset_curado/validation/peligro/peligro_02202.jpg
validation,peligro,peligro,0.771330,media,agregar_con_otras_imagenes_del_grupo,True,dataset_curado/validation/peligro/peligro_02223.jpg
validation,peligro,sano,0.878597,alta,clasificacion_preliminar_no_final,False,dataset_curado/validation/peligro/peligro_02296.jpg
validation,peligro,peligro,0.758207,media,agregar_con_otras_imagenes_del_grupo,True,dataset_curado/validation/peligro/peligro_02321.jpg
validation,peligro,sano,0.706216,media,agregar_con_otras_imagenes_del_grupo,False,dataset_curado/validation/peligro/peligro_02412.jpg
validation,peligro,sano,0.499674,baja,captura_adicional_revision_o_gemini,False,dataset_curado/validation/peligro/peligro_02422.jpg
validation,peligro,peligro,0.569447,baja,captura_adicional_revision_o_gemini,True,dataset_curado/validation/peligro/peligro_02472.jpg
validation,peligro,sano,0.931425,alta,clasificacion_preliminar_no_final,False,dataset_curado/validation/peligro/peligro_02489.jpg
validation,peligro,sano,0.873431,alta,clasificacion_preliminar_no_final,False,dataset_curado/validation/peligro/peligro_02491.jpg
validation,peligro,sano,0.728727,media,agregar_con_otras_imagenes_del_grupo,False,dataset_curado/validation/peligro/peligro_02587.jpg
validation,peligro,peligro,0.971732,alta,alerta_preliminar_y_confirmar_con_gemini,True,dataset_curado/validation/peligro/peligro_02648.jpg
validation,peligro,peligro,0.893377,alta,alerta_preliminar_y_confirmar_con_gemini,True,dataset_curado/validation/peligro/peligro_02759.jpg
validation,peligro,peligro,0.825998,alta,alerta_preliminar_y_confirmar_con_gemini,True,dataset_curado/validation/peligro/peligro_02760.jpg
validation,peligro,peligro,0.915711,alta,alerta_preliminar_y_confirmar_con_gemini,True,dataset_curado/validation/peligro/peligro_02828.jpg
validation,peligro,peligro,0.958023,alta,alerta_preliminar_y_confirmar_con_gemini,True,dataset_curado/validation/peligro/peligro_02906.jpg
validation,peligro,atencion,0.695879,media,agregar_con_otras_imagenes_del_grupo,False,dataset_curado/validation/peligro/peligro_03012.jpg
validation,peligro,peligro,0.681654,media,agregar_con_otras_imagenes_del_grupo,True,dataset_curado/validation/peligro/peligro_03036.jpg
validation,peligro,peligro,0.604164,media,agregar_con_otras_imagenes_del_grupo,True,dataset_curado/validation/peligro/peligro_03049.jpg
validation,peligro,peligro,0.836101,alta,alerta_preliminar_y_confirmar_con_gemini,True,dataset_curado/validation/peligro/peligro_03071.jpg
validation,peligro,peligro,0.633189,media,agregar_con_otras_imagenes_del_grupo,True,dataset_curado/validation/peligro/peligro_03152.jpg
validation,peligro,peligro,0.757909,media,agregar_con_otras_imagenes_del_grupo,True,dataset_curado/validation/peligro/peligro_03277.jpg
validation,peligro,peligro,0.488105,baja,captura_adicional_revision_o_gemini,True,dataset_curado/validation/peligro/peligro_03301.jpg
validation,peligro,peligro,0.772289,media,agregar_con_otras_imagenes_del_grupo,True,dataset_curado/validation/peligro/peligro_03307.jpg
validation,peligro,atencion,0.682541,media,agregar_con_otras_imagenes_del_grupo,False,dataset_curado/validation/peligro/peligro_03344.jpg
validation,peligro,peligro,0.835466,alta,alerta_preliminar_y_confirmar_con_gemini,True,dataset_curado/validation/peligro/peligro_03355.jpg
validation,peligro,peligro,0.905030,alta,alerta_preliminar_y_confirmar_con_gemini,True,dataset_curado/validation/peligro/peligro_03414.jpg
validation,peligro,atencion,0.606066,media,agregar_con_otras_imagenes_del_grupo,False,dataset_curado/validation/peligro/peligro_03436.jpg
validation,peligro,peligro,0.576146,baja,captura_adicional_revision_o_gemini,True,dataset_curado/validation/peligro/peligro_03452.jpg
validation,peligro,peligro,0.550694,baja,captura_adicional_revision_o_gemini,True,dataset_curado/validation/peligro/peligro_03494.jpg
validation,peligro,peligro,0.758752,media,agregar_con_otras_imagenes_del_grupo,True,dataset_curado/validation/peligro/peligro_03562.jpg
validation,peligro,atencion,0.549715,baja,captura_adicional_revision_o_gemini,False,dataset_curado/validation/peligro/peligro_03585.jpg
validation,peligro,peligro,0.530435,baja,captura_adicional_revision_o_gemini,True,dataset_curado/validation/peligro/peligro_03657.jpg
validation,peligro,peligro,0.738139,media,agregar_con_otras_imagenes_del_grupo,True,dataset_curado/validation/peligro/peligro_03761.jpg
validation,peligro,peligro,0.740392,media,agregar_con_otras_imagenes_del_grupo,True,dataset_curado/validation/peligro/peligro_03864.jpg
validation,peligro,sano,0.890345,alta,clasificacion_preliminar_no_final,False,dataset_curado/validation/peligro/peligro_03899.jpg
validation,peligro,peligro,0.772182,media,agregar_con_otras_imagenes_del_grupo,True,dataset_curado/validation/peligro/peligro_04560.jpg
validation,peligro,peligro,0.894593,alta,alerta_preliminar_y_confirmar_con_gemini,True,dataset_curado/validation/peligro/peligro_04648.jpg
validation,peligro,peligro,0.666437,media,agregar_con_otras_imagenes_del_grupo,True,dataset_curado/validation/peligro/peligro_04657.jpg
validation,peligro,peligro,0.910588,alta,alerta_preliminar_y_confirmar_con_gemini,True,dataset_curado/validation/peligro/peligro_04659.jpg
validation,peligro,peligro,0.795818,media,agregar_con_otras_imagenes_del_grupo,True,dataset_curado/validation/peligro/peligro_04901.jpg
validation,peligro,peligro,0.838972,alta,alerta_preliminar_y_confirmar_con_gemini,True,dataset_curado/validation/peligro/peligro_05249.jpg
validation,peligro,peligro,0.680127,media,agregar_con_otras_imagenes_del_grupo,True,dataset_curado/validation/peligro/peligro_05250.jpg
validation,peligro,peligro,0.792320,media,agregar_con_otras_imagenes_del_grupo,True,dataset_curado/validation/peligro/peligro_05252.jpg
validation,peligro,peligro,0.969698,alta,alerta_preliminar_y_confirmar_con_gemini,True,dataset_curado/validation/peligro/peligro_05294.jpg
validation,peligro,peligro,0.926847,alta,alerta_preliminar_y_confirmar_con_gemini,True,dataset_curado/validation/peligro/peligro_05403.jpg
validation,peligro,peligro,0.711003,media,agregar_con_otras_imagenes_del_grupo,True,dataset_curado/validation/peligro/peligro_05739.jpg
validation,peligro,peligro,0.923573,alta,alerta_preliminar_y_confirmar_con_gemini,True,dataset_curado/validation/peligro/peligro_05754.jpg
validation,peligro,sano,0.875246,alta,clasificacion_preliminar_no_final,False,dataset_curado/validation/peligro/peligro_06505.jpg
validation,peligro,peligro,0.975734,alta,alerta_preliminar_y_confirmar_con_gemini,True,dataset_curado/validation/peligro/peligro_07282.jpg
validation,peligro,peligro,0.912275,alta,alerta_preliminar_y_confirmar_con_gemini,True,dataset_curado/validation/peligro/peligro_07699.jpg
validation,peligro,peligro,0.541353,baja,captura_adicional_revision_o_gemini,True,dataset_curado/validation/peligro/peligro_07935.jpg
validation,peligro,peligro,0.689211,media,agregar_con_otras_imagenes_del_grupo,True,dataset_curado/validation/peligro/peligro_07941.jpg
validation,peligro,atencion,0.653852,media,agregar_con_otras_imagenes_del_grupo,False,dataset_curado/validation/peligro/peligro_08046.jpg
validation,peligro,peligro,0.980395,alta,alerta_preliminar_y_confirmar_con_gemini,True,dataset_curado/validation/peligro/peligro_08659.jpg
validation,peligro,peligro,0.952735,alta,alerta_preliminar_y_confirmar_con_gemini,True,dataset_curado/validation/peligro/peligro_08699.jpg
validation,peligro,peligro,0.916616,alta,alerta_preliminar_y_confirmar_con_gemini,True,dataset_curado/validation/peligro/peligro_08933.jpg
validation,peligro,peligro,0.557297,baja,captura_adicional_revision_o_gemini,True,dataset_curado/validation/peligro/peligro_09055.jpg
validation,peligro,peligro,0.937726,alta,alerta_preliminar_y_confirmar_con_gemini,True,dataset_curado/validation/peligro/peligro_09056.jpg
validation,peligro,peligro,0.893956,alta,alerta_preliminar_y_confirmar_con_gemini,True,dataset_curado/validation/peligro/peligro_09063.jpg
validation,peligro,peligro,0.975708,alta,alerta_preliminar_y_confirmar_con_gemini,True,dataset_curado/validation/peligro/peligro_09213.jpg
validation,peligro,peligro,0.425173,baja,captura_adicional_revision_o_gemini,True,dataset_curado/validation/peligro/peligro_09250.jpg
validation,peligro,peligro,0.900903,alta,alerta_preliminar_y_confirmar_con_gemini,True,dataset_curado/validation/peligro/peligro_09284.jpg
validation,peligro,sano,0.540993,baja,captura_adicional_revision_o_gemini,False,dataset_curado/validation/peligro/peligro_09725.jpg
validation,peligro,peligro,0.986886,alta,alerta_preliminar_y_confirmar_con_gemini,True,dataset_curado/validation/peligro/peligro_10165.jpg
validation,peligro,peligro,0.948850,alta,alerta_preliminar_y_confirmar_con_gemini,True,dataset_curado/validation/peligro/peligro_10217.jpg
validation,peligro,sano,0.797990,media,agregar_con_otras_imagenes_del_grupo,False,dataset_curado/validation/peligro/peligro_10236.jpg
validation,peligro,peligro,0.922328,alta,alerta_preliminar_y_confirmar_con_gemini,True,dataset_curado/validation/peligro/peligro_11412.jpg
validation,peligro,peligro,0.639146,media,agregar_con_otras_imagenes_del_grupo,True,dataset_curado/validation/peligro/peligro_11537.jpg
validation,peligro,peligro,0.907366,alta,alerta_preliminar_y_confirmar_con_gemini,True,dataset_curado/validation/peligro/peligro_11848.jpg
validation,peligro,peligro,0.599209,baja,captura_adicional_revision_o_gemini,True,dataset_curado/validation/peligro/peligro_11980.jpg
validation,peligro,sano,0.805269,alta,clasificacion_preliminar_no_final,False,dataset_curado/validation/peligro/peligro_12004.jpg
validation,peligro,peligro,0.668236,media,agregar_con_otras_imagenes_del_grupo,True,dataset_curado/validation/peligro/peligro_12443.jpg
validation,peligro,peligro,0.972375,alta,alerta_preliminar_y_confirmar_con_gemini,True,dataset_curado/validation/peligro/peligro_13185.jpg
validation,peligro,peligro,0.994523,alta,alerta_preliminar_y_confirmar_con_gemini,True,dataset_curado/validation/peligro/peligro_13286.jpg
validation,peligro,peligro,0.976341,alta,alerta_preliminar_y_confirmar_con_gemini,True,dataset_curado/validation/peligro/peligro_13396.jpg
validation,peligro,atencion,0.585660,baja,captura_adicional_revision_o_gemini,False,dataset_curado/validation/peligro/peligro_13423.jpg
validation,peligro,peligro,0.616019,media,agregar_con_otras_imagenes_del_grupo,True,dataset_curado/validation/peligro/peligro_13461.jpg
validation,peligro,sano,0.782139,media,agregar_con_otras_imagenes_del_grupo,False,dataset_curado/validation/peligro/peligro_13479.jpg
validation,peligro,peligro,0.958898,alta,alerta_preliminar_y_confirmar_con_gemini,True,dataset_curado/validation/peligro/peligro_13582.jpg
validation,peligro,peligro,0.443523,baja,captura_adicional_revision_o_gemini,True,dataset_curado/validation/peligro/peligro_13739.jpg
validation,peligro,peligro,0.970617,alta,alerta_preliminar_y_confirmar_con_gemini,True,dataset_curado/validation/peligro/peligro_15011.jpg
validation,sano,sano,0.819420,alta,clasificacion_preliminar_no_final,True,dataset_curado/validation/sano/sano_00020.jpg
validation,sano,peligro,0.415328,baja,captura_adicional_revision_o_gemini,False,dataset_curado/validation/sano/sano_00026.jpg
validation,sano,sano,0.877647,alta,clasificacion_preliminar_no_final,True,dataset_curado/validation/sano/sano_00049.jpg
validation,sano,sano,0.803769,alta,clasificacion_preliminar_no_final,True,dataset_curado/validation/sano/sano_00079.jpg
validation,sano,sano,0.825497,alta,clasificacion_preliminar_no_final,True,dataset_curado/validation/sano/sano_00127.jpg
validation,sano,peligro,0.517420,baja,captura_adicional_revision_o_gemini,False,dataset_curado/validation/sano/sano_00130.jpg
validation,sano,atencion,0.548378,baja,captura_adicional_revision_o_gemini,False,dataset_curado/validation/sano/sano_00135.jpg
validation,sano,sano,0.996259,alta,clasificacion_preliminar_no_final,True,dataset_curado/validation/sano/sano_00136.jpg
validation,sano,peligro,0.481167,baja,captura_adicional_revision_o_gemini,False,dataset_curado/validation/sano/sano_00270.jpg
validation,sano,sano,0.851609,alta,clasificacion_preliminar_no_final,True,dataset_curado/validation/sano/sano_00299.jpg
validation,sano,sano,0.914018,alta,clasificacion_preliminar_no_final,True,dataset_curado/validation/sano/sano_00341.jpg
validation,sano,sano,0.921650,alta,clasificacion_preliminar_no_final,True,dataset_curado/validation/sano/sano_00342.jpg
validation,sano,sano,0.837850,alta,clasificacion_preliminar_no_final,True,dataset_curado/validation/sano/sano_00358.jpg
validation,sano,sano,0.488771,baja,captura_adicional_revision_o_gemini,True,dataset_curado/validation/sano/sano_00485.jpg
validation,sano,sano,0.915972,alta,clasificacion_preliminar_no_final,True,dataset_curado/validation/sano/sano_00490.jpg
validation,sano,sano,0.951914,alta,clasificacion_preliminar_no_final,True,dataset_curado/validation/sano/sano_00496.jpg
validation,sano,sano,0.549217,baja,captura_adicional_revision_o_gemini,True,dataset_curado/validation/sano/sano_00559.jpg
validation,sano,sano,0.919111,alta,clasificacion_preliminar_no_final,True,dataset_curado/validation/sano/sano_00562.jpg
validation,sano,sano,0.508218,baja,captura_adicional_revision_o_gemini,True,dataset_curado/validation/sano/sano_00650.jpg
validation,sano,peligro,0.910686,alta,alerta_preliminar_y_confirmar_con_gemini,False,dataset_curado/validation/sano/sano_00680.jpg
validation,sano,peligro,0.838659,alta,alerta_preliminar_y_confirmar_con_gemini,False,dataset_curado/validation/sano/sano_00717.jpg
validation,sano,peligro,0.917182,alta,alerta_preliminar_y_confirmar_con_gemini,False,dataset_curado/validation/sano/sano_00765.jpg
validation,sano,sano,0.922879,alta,clasificacion_preliminar_no_final,True,dataset_curado/validation/sano/sano_00828.jpg
validation,sano,atencion,0.536700,baja,captura_adicional_revision_o_gemini,False,dataset_curado/validation/sano/sano_00873.jpg
validation,sano,sano,0.935217,alta,clasificacion_preliminar_no_final,True,dataset_curado/validation/sano/sano_00895.jpg
validation,sano,sano,0.956912,alta,clasificacion_preliminar_no_final,True,dataset_curado/validation/sano/sano_01013.jpg
validation,sano,sano,0.997271,alta,clasificacion_preliminar_no_final,True,dataset_curado/validation/sano/sano_01121.jpg
validation,sano,sano,0.982073,alta,clasificacion_preliminar_no_final,True,dataset_curado/validation/sano/sano_01164.jpg
validation,sano,atencion,0.406142,baja,captura_adicional_revision_o_gemini,False,dataset_curado/validation/sano/sano_01168.jpg
validation,sano,sano,0.791358,media,agregar_con_otras_imagenes_del_grupo,True,dataset_curado/validation/sano/sano_01170.jpg
validation,sano,sano,0.767359,media,agregar_con_otras_imagenes_del_grupo,True,dataset_curado/validation/sano/sano_01198.jpg
validation,sano,sano,0.820396,alta,clasificacion_preliminar_no_final,True,dataset_curado/validation/sano/sano_01222.jpg
validation,sano,sano,0.967992,alta,clasificacion_preliminar_no_final,True,dataset_curado/validation/sano/sano_01236.jpg
validation,sano,peligro,0.848524,alta,alerta_preliminar_y_confirmar_con_gemini,False,dataset_curado/validation/sano/sano_01304.jpg
validation,sano,sano,0.923706,alta,clasificacion_preliminar_no_final,True,dataset_curado/validation/sano/sano_01320.jpg
validation,sano,sano,0.631248,media,agregar_con_otras_imagenes_del_grupo,True,dataset_curado/validation/sano/sano_01335.jpg
validation,sano,sano,0.722558,media,agregar_con_otras_imagenes_del_grupo,True,dataset_curado/validation/sano/sano_01349.jpg
validation,sano,sano,0.892973,alta,clasificacion_preliminar_no_final,True,dataset_curado/validation/sano/sano_01380.jpg
validation,sano,sano,0.651248,media,agregar_con_otras_imagenes_del_grupo,True,dataset_curado/validation/sano/sano_01418.jpg
validation,sano,sano,0.740408,media,agregar_con_otras_imagenes_del_grupo,True,dataset_curado/validation/sano/sano_01457.jpg
validation,sano,sano,0.901759,alta,clasificacion_preliminar_no_final,True,dataset_curado/validation/sano/sano_01503.jpg
validation,sano,sano,0.942503,alta,clasificacion_preliminar_no_final,True,dataset_curado/validation/sano/sano_01507.jpg
validation,sano,sano,0.626688,media,agregar_con_otras_imagenes_del_grupo,True,dataset_curado/validation/sano/sano_01516.jpg
validation,sano,sano,0.752797,media,agregar_con_otras_imagenes_del_grupo,True,dataset_curado/validation/sano/sano_01571.jpg
validation,sano,peligro,0.470178,baja,captura_adicional_revision_o_gemini,False,dataset_curado/validation/sano/sano_01572.jpg
validation,sano,sano,0.616328,media,agregar_con_otras_imagenes_del_grupo,True,dataset_curado/validation/sano/sano_01627.jpg
validation,sano,atencion,0.765551,media,agregar_con_otras_imagenes_del_grupo,False,dataset_curado/validation/sano/sano_01645.jpg
validation,sano,sano,0.683179,media,agregar_con_otras_imagenes_del_grupo,True,dataset_curado/validation/sano/sano_01670.jpg
validation,sano,sano,0.610496,media,agregar_con_otras_imagenes_del_grupo,True,dataset_curado/validation/sano/sano_01686.jpg
validation,sano,sano,0.899135,alta,clasificacion_preliminar_no_final,True,dataset_curado/validation/sano/sano_01721.jpg
validation,sano,sano,0.962459,alta,clasificacion_preliminar_no_final,True,dataset_curado/validation/sano/sano_01726.jpg
validation,sano,atencion,0.620866,media,agregar_con_otras_imagenes_del_grupo,False,dataset_curado/validation/sano/sano_01735.jpg
validation,sano,sano,0.893030,alta,clasificacion_preliminar_no_final,True,dataset_curado/validation/sano/sano_01778.jpg
validation,sano,sano,0.726138,media,agregar_con_otras_imagenes_del_grupo,True,dataset_curado/validation/sano/sano_01831.jpg
validation,sano,sano,0.914086,alta,clasificacion_preliminar_no_final,True,dataset_curado/validation/sano/sano_01850.jpg
validation,sano,sano,0.892114,alta,clasificacion_preliminar_no_final,True,dataset_curado/validation/sano/sano_01872.jpg
validation,sano,sano,0.859616,alta,clasificacion_preliminar_no_final,True,dataset_curado/validation/sano/sano_01899.jpg
validation,sano,peligro,0.534983,baja,captura_adicional_revision_o_gemini,False,dataset_curado/validation/sano/sano_01904.jpg
validation,sano,atencion,0.570972,baja,captura_adicional_revision_o_gemini,False,dataset_curado/validation/sano/sano_01943.jpg
validation,sano,sano,0.482968,baja,captura_adicional_revision_o_gemini,True,dataset_curado/validation/sano/sano_01963.jpg
validation,sano,peligro,0.498044,baja,captura_adicional_revision_o_gemini,False,dataset_curado/validation/sano/sano_01976.jpg
validation,sano,peligro,0.970169,alta,alerta_preliminar_y_confirmar_con_gemini,False,dataset_curado/validation/sano/sano_02041.jpg
validation,sano,sano,0.539134,baja,captura_adicional_revision_o_gemini,True,dataset_curado/validation/sano/sano_02104.jpg
validation,sano,sano,0.682057,media,agregar_con_otras_imagenes_del_grupo,True,dataset_curado/validation/sano/sano_02105.jpg
validation,sano,atencion,0.549433,baja,captura_adicional_revision_o_gemini,False,dataset_curado/validation/sano/sano_02137.jpg
validation,sano,sano,0.865755,alta,clasificacion_preliminar_no_final,True,dataset_curado/validation/sano/sano_02201.jpg
validation,sano,sano,0.622935,media,agregar_con_otras_imagenes_del_grupo,True,dataset_curado/validation/sano/sano_02300.jpg
validation,sano,sano,0.900585,alta,clasificacion_preliminar_no_final,True,dataset_curado/validation/sano/sano_02555.jpg
validation,sano,sano,0.496064,baja,captura_adicional_revision_o_gemini,True,dataset_curado/validation/sano/sano_02564.jpg
validation,sano,sano,0.439187,baja,captura_adicional_revision_o_gemini,True,dataset_curado/validation/sano/sano_02626.jpg
validation,sano,peligro,0.935917,alta,alerta_preliminar_y_confirmar_con_gemini,False,dataset_curado/validation/sano/sano_02629.jpg
validation,sano,sano,0.862028,alta,clasificacion_preliminar_no_final,True,dataset_curado/validation/sano/sano_02631.jpg
validation,sano,sano,0.539568,baja,captura_adicional_revision_o_gemini,True,dataset_curado/validation/sano/sano_02633.jpg
validation,sano,sano,0.656410,media,agregar_con_otras_imagenes_del_grupo,True,dataset_curado/validation/sano/sano_02659.jpg
validation,sano,atencion,0.529844,baja,captura_adicional_revision_o_gemini,False,dataset_curado/validation/sano/sano_02669.jpg
validation,sano,sano,0.700664,media,agregar_con_otras_imagenes_del_grupo,True,dataset_curado/validation/sano/sano_02695.jpg
validation,sano,sano,0.669870,media,agregar_con_otras_imagenes_del_grupo,True,dataset_curado/validation/sano/sano_02696.jpg
validation,sano,sano,0.815402,alta,clasificacion_preliminar_no_final,True,dataset_curado/validation/sano/sano_02727.jpg
validation,sano,sano,0.823670,alta,clasificacion_preliminar_no_final,True,dataset_curado/validation/sano/sano_02819.jpg
validation,sano,sano,0.634693,media,agregar_con_otras_imagenes_del_grupo,True,dataset_curado/validation/sano/sano_02938.jpg
validation,sano,sano,0.814460,alta,clasificacion_preliminar_no_final,True,dataset_curado/validation/sano/sano_02989.jpg
validation,sano,sano,0.855308,alta,clasificacion_preliminar_no_final,True,dataset_curado/validation/sano/sano_03093.jpg
validation,sano,sano,0.898820,alta,clasificacion_preliminar_no_final,True,dataset_curado/validation/sano/sano_03125.jpg
validation,sano,sano,0.615388,media,agregar_con_otras_imagenes_del_grupo,True,dataset_curado/validation/sano/sano_03324.jpg
validation,sano,sano,0.670978,media,agregar_con_otras_imagenes_del_grupo,True,dataset_curado/validation/sano/sano_03440.jpg
validation,sano,sano,0.780471,media,agregar_con_otras_imagenes_del_grupo,True,dataset_curado/validation/sano/sano_03827.jpg
validation,sano,sano,0.586517,baja,captura_adicional_revision_o_gemini,True,dataset_curado/validation/sano/sano_04109.jpg
validation,sano,sano,0.547010,baja,captura_adicional_revision_o_gemini,True,dataset_curado/validation/sano/sano_04112.jpg
validation,sano,atencion,0.437278,baja,captura_adicional_revision_o_gemini,False,dataset_curado/validation/sano/sano_04130.jpg
validation,sano,sano,0.975576,alta,clasificacion_preliminar_no_final,True,dataset_curado/validation/sano/sano_04153.jpg
validation,sano,sano,0.962522,alta,clasificacion_preliminar_no_final,True,dataset_curado/validation/sano/sano_04205.jpg
validation,sano,sano,0.931522,alta,clasificacion_preliminar_no_final,True,dataset_curado/validation/sano/sano_04307.jpg
validation,sano,sano,0.422376,baja,captura_adicional_revision_o_gemini,True,dataset_curado/validation/sano/sano_04314.jpg
validation,sano,sano,0.578850,baja,captura_adicional_revision_o_gemini,True,dataset_curado/validation/sano/sano_04346.jpg
validation,sano,sano,0.858983,alta,clasificacion_preliminar_no_final,True,dataset_curado/validation/sano/sano_04538.jpg
validation,sano,sano,0.917464,alta,clasificacion_preliminar_no_final,True,dataset_curado/validation/sano/sano_04629.jpg
validation,sano,sano,0.629036,media,agregar_con_otras_imagenes_del_grupo,True,dataset_curado/validation/sano/sano_04864.jpg
validation,sano,sano,0.523004,baja,captura_adicional_revision_o_gemini,True,dataset_curado/validation/sano/sano_04888.jpg
validation,sano,sano,0.874141,alta,clasificacion_preliminar_no_final,True,dataset_curado/validation/sano/sano_05094.jpg
validation,sano,sano,0.431324,baja,captura_adicional_revision_o_gemini,True,dataset_curado/validation/sano/sano_05096.jpg
validation,sano,sano,0.435581,baja,captura_adicional_revision_o_gemini,True,dataset_curado/validation/sano/sano_05140.jpg
validation,sano,sano,0.812753,alta,clasificacion_preliminar_no_final,True,dataset_curado/validation/sano/sano_05170.jpg
validation,sano,sano,0.667083,media,agregar_con_otras_imagenes_del_grupo,True,dataset_curado/validation/sano/sano_05191.jpg
validation,sano,sano,0.565869,baja,captura_adicional_revision_o_gemini,True,dataset_curado/validation/sano/sano_05200.jpg
validation,sano,sano,0.775735,media,agregar_con_otras_imagenes_del_grupo,True,dataset_curado/validation/sano/sano_05276.jpg
validation,sano,sano,0.794522,media,agregar_con_otras_imagenes_del_grupo,True,dataset_curado/validation/sano/sano_05312.jpg
validation,sano,sano,0.903825,alta,clasificacion_preliminar_no_final,True,dataset_curado/validation/sano/sano_05422.jpg
validation,sano,sano,0.806238,alta,clasificacion_preliminar_no_final,True,dataset_curado/validation/sano/sano_05436.jpg
validation,sano,sano,0.897606,alta,clasificacion_preliminar_no_final,True,dataset_curado/validation/sano/sano_05553.jpg
validation,sano,sano,0.981059,alta,clasificacion_preliminar_no_final,True,dataset_curado/validation/sano/sano_05606.jpg
validation,sano,sano,0.908700,alta,clasificacion_preliminar_no_final,True,dataset_curado/validation/sano/sano_06232.jpg
validation,sano,sano,0.942793,alta,clasificacion_preliminar_no_final,True,dataset_curado/validation/sano/sano_06342.jpg
validation,sano,sano,0.746688,media,agregar_con_otras_imagenes_del_grupo,True,dataset_curado/validation/sano/sano_06715.jpg
validation,sano,sano,0.871798,alta,clasificacion_preliminar_no_final,True,dataset_curado/validation/sano/sano_07188.jpg
validation,sano,sano,0.690528,media,agregar_con_otras_imagenes_del_grupo,True,dataset_curado/validation/sano/sano_08223.jpg
validation,sano,sano,0.911476,alta,clasificacion_preliminar_no_final,True,dataset_curado/validation/sano/sano_08768.jpg
validation,sano,atencion,0.475130,baja,captura_adicional_revision_o_gemini,False,dataset_curado/validation/sano/sano_08911.jpg
validation,sano,sano,0.733245,media,agregar_con_otras_imagenes_del_grupo,True,dataset_curado/validation/sano/sano_09429.jpg
validation,sano,sano,0.516385,baja,captura_adicional_revision_o_gemini,True,dataset_curado/validation/sano/sano_09488.jpg
validation,sano,sano,0.790792,media,agregar_con_otras_imagenes_del_grupo,True,dataset_curado/validation/sano/sano_09842.jpg
validation,sano,peligro,0.847770,alta,alerta_preliminar_y_confirmar_con_gemini,False,dataset_curado/validation/sano/sano_10283.jpg
validation,sano,sano,0.718188,media,agregar_con_otras_imagenes_del_grupo,True,dataset_curado/validation/sano/sano_10526.jpg
validation,sano,sano,0.909621,alta,clasificacion_preliminar_no_final,True,dataset_curado/validation/sano/sano_11457.jpg
validation,sano,atencion,0.799409,media,agregar_con_otras_imagenes_del_grupo,False,dataset_curado/validation/sano/sano_11842.jpg
validation,sano,sano,0.760567,media,agregar_con_otras_imagenes_del_grupo,True,dataset_curado/validation/sano/sano_12296.jpg
validation,sano,sano,0.917415,alta,clasificacion_preliminar_no_final,True,dataset_curado/validation/sano/sano_12367.jpg
validation,sano,atencion,0.555368,baja,captura_adicional_revision_o_gemini,False,dataset_curado/validation/sano/sano_12372.jpg
validation,sano,sano,0.824644,alta,clasificacion_preliminar_no_final,True,dataset_curado/validation/sano/sano_12381.jpg
validation,sano,sano,0.624161,media,agregar_con_otras_imagenes_del_grupo,True,dataset_curado/validation/sano/sano_12390.jpg
validation,sano,sano,0.780781,media,agregar_con_otras_imagenes_del_grupo,True,dataset_curado/validation/sano/sano_12408.jpg
validation,sano,sano,0.955385,alta,clasificacion_preliminar_no_final,True,dataset_curado/validation/sano/sano_12441.jpg
validation,sano,sano,0.925843,alta,clasificacion_preliminar_no_final,True,dataset_curado/validation/sano/sano_12444.jpg
validation,sano,sano,0.687176,media,agregar_con_otras_imagenes_del_grupo,True,dataset_curado/validation/sano/sano_12449.jpg
validation,sano,sano,0.979788,alta,clasificacion_preliminar_no_final,True,dataset_curado/validation/sano/sano_12461.jpg
validation,sano,sano,0.988198,alta,clasificacion_preliminar_no_final,True,dataset_curado/validation/sano/sano_12468.jpg
validation,sano,sano,0.730966,media,agregar_con_otras_imagenes_del_grupo,True,dataset_curado/validation/sano/sano_12470.jpg
validation,sano,sano,0.979044,alta,clasificacion_preliminar_no_final,True,dataset_curado/validation/sano/sano_12472.jpg
validation,sano,sano,0.831830,alta,clasificacion_preliminar_no_final,True,dataset_curado/validation/sano/sano_12477.jpg
validation,sano,sano,0.951365,alta,clasificacion_preliminar_no_final,True,dataset_curado/validation/sano/sano_12486.jpg
validation,sano,sano,0.926956,alta,clasificacion_preliminar_no_final,True,dataset_curado/validation/sano/sano_12503.jpg
validation,sano,sano,0.742741,media,agregar_con_otras_imagenes_del_grupo,True,dataset_curado/validation/sano/sano_12515.jpg
validation,sano,atencion,0.798503,media,agregar_con_otras_imagenes_del_grupo,False,dataset_curado/validation/sano/sano_12519.jpg
validation,sano,atencion,0.792043,media,agregar_con_otras_imagenes_del_grupo,False,dataset_curado/validation/sano/sano_12520.jpg
validation,sano,sano,0.964175,alta,clasificacion_preliminar_no_final,True,dataset_curado/validation/sano/sano_12538.jpg
validation,sano,sano,0.967835,alta,clasificacion_preliminar_no_final,True,dataset_curado/validation/sano/sano_12561.jpg
validation,sano,sano,0.918475,alta,clasificacion_preliminar_no_final,True,dataset_curado/validation/sano/sano_12562.jpg
test,atencion,sano,0.699333,media,agregar_con_otras_imagenes_del_grupo,False,dataset_curado/test/atencion/atencion_00001.jpg
test,atencion,atencion,0.788238,media,agregar_con_otras_imagenes_del_grupo,True,dataset_curado/test/atencion/atencion_00005.jpg
test,atencion,peligro,0.688801,media,agregar_con_otras_imagenes_del_grupo,False,dataset_curado/test/atencion/atencion_00418.jpg
test,atencion,atencion,0.549872,baja,captura_adicional_revision_o_gemini,True,dataset_curado/test/atencion/atencion_00457.jpg
test,atencion,peligro,0.713660,media,agregar_con_otras_imagenes_del_grupo,False,dataset_curado/test/atencion/atencion_00587.jpg
test,atencion,peligro,0.878394,alta,alerta_preliminar_y_confirmar_con_gemini,False,dataset_curado/test/atencion/atencion_00617.jpg
test,atencion,peligro,0.697737,media,agregar_con_otras_imagenes_del_grupo,False,dataset_curado/test/atencion/atencion_00746.jpg
test,atencion,peligro,0.849881,alta,alerta_preliminar_y_confirmar_con_gemini,False,dataset_curado/test/atencion/atencion_01166.jpg
test,atencion,atencion,0.849702,alta,clasificacion_preliminar_no_final,True,dataset_curado/test/atencion/atencion_01167.jpg
test,atencion,atencion,0.613408,media,agregar_con_otras_imagenes_del_grupo,True,dataset_curado/test/atencion/atencion_01182.jpg
test,atencion,peligro,0.771978,media,agregar_con_otras_imagenes_del_grupo,False,dataset_curado/test/atencion/atencion_01189.jpg
test,atencion,atencion,0.649819,media,agregar_con_otras_imagenes_del_grupo,True,dataset_curado/test/atencion/atencion_01253.jpg
test,atencion,sano,0.877701,alta,clasificacion_preliminar_no_final,False,dataset_curado/test/atencion/atencion_01256.jpg
test,atencion,atencion,0.721127,media,agregar_con_otras_imagenes_del_grupo,True,dataset_curado/test/atencion/atencion_01294.jpg
test,atencion,atencion,0.561288,baja,captura_adicional_revision_o_gemini,True,dataset_curado/test/atencion/atencion_01340.jpg
test,atencion,atencion,0.614546,media,agregar_con_otras_imagenes_del_grupo,True,dataset_curado/test/atencion/atencion_01350.jpg
test,atencion,sano,0.641061,media,agregar_con_otras_imagenes_del_grupo,False,dataset_curado/test/atencion/atencion_01351.jpg
test,atencion,sano,0.587323,baja,captura_adicional_revision_o_gemini,False,dataset_curado/test/atencion/atencion_01379.jpg
test,atencion,atencion,0.748040,media,agregar_con_otras_imagenes_del_grupo,True,dataset_curado/test/atencion/atencion_01408.jpg
test,atencion,sano,0.739011,media,agregar_con_otras_imagenes_del_grupo,False,dataset_curado/test/atencion/atencion_01444.jpg
test,atencion,sano,0.383312,baja,captura_adicional_revision_o_gemini,False,dataset_curado/test/atencion/atencion_01447.jpg
test,atencion,peligro,0.687878,media,agregar_con_otras_imagenes_del_grupo,False,dataset_curado/test/atencion/atencion_01542.jpg
test,atencion,atencion,0.718455,media,agregar_con_otras_imagenes_del_grupo,True,dataset_curado/test/atencion/atencion_01546.jpg
test,atencion,peligro,0.526464,baja,captura_adicional_revision_o_gemini,False,dataset_curado/test/atencion/atencion_01584.jpg
test,atencion,atencion,0.587532,baja,captura_adicional_revision_o_gemini,True,dataset_curado/test/atencion/atencion_01622.jpg
test,atencion,sano,0.794737,media,agregar_con_otras_imagenes_del_grupo,False,dataset_curado/test/atencion/atencion_01660.jpg
test,atencion,sano,0.758631,media,agregar_con_otras_imagenes_del_grupo,False,dataset_curado/test/atencion/atencion_01724.jpg
test,atencion,peligro,0.490017,baja,captura_adicional_revision_o_gemini,False,dataset_curado/test/atencion/atencion_01732.jpg
test,atencion,atencion,0.658280,media,agregar_con_otras_imagenes_del_grupo,True,dataset_curado/test/atencion/atencion_01735.jpg
test,atencion,atencion,0.780805,media,agregar_con_otras_imagenes_del_grupo,True,dataset_curado/test/atencion/atencion_01777.jpg
test,atencion,sano,0.921301,alta,clasificacion_preliminar_no_final,False,dataset_curado/test/atencion/atencion_01806.jpg
test,atencion,peligro,0.649912,media,agregar_con_otras_imagenes_del_grupo,False,dataset_curado/test/atencion/atencion_01865.jpg
test,atencion,atencion,0.754688,media,agregar_con_otras_imagenes_del_grupo,True,dataset_curado/test/atencion/atencion_01917.jpg
test,atencion,sano,0.935669,alta,clasificacion_preliminar_no_final,False,dataset_curado/test/atencion/atencion_02005.jpg
test,atencion,sano,0.888645,alta,clasificacion_preliminar_no_final,False,dataset_curado/test/atencion/atencion_02100.jpg
test,atencion,atencion,0.630848,media,agregar_con_otras_imagenes_del_grupo,True,dataset_curado/test/atencion/atencion_02151.jpg
test,atencion,atencion,0.703005,media,agregar_con_otras_imagenes_del_grupo,True,dataset_curado/test/atencion/atencion_02212.jpg
test,atencion,atencion,0.580779,baja,captura_adicional_revision_o_gemini,True,dataset_curado/test/atencion/atencion_02217.jpg
test,atencion,atencion,0.698064,media,agregar_con_otras_imagenes_del_grupo,True,dataset_curado/test/atencion/atencion_02329.jpg
test,atencion,atencion,0.603012,media,agregar_con_otras_imagenes_del_grupo,True,dataset_curado/test/atencion/atencion_02486.jpg
test,atencion,atencion,0.640476,media,agregar_con_otras_imagenes_del_grupo,True,dataset_curado/test/atencion/atencion_02500.jpg
test,atencion,sano,0.617359,media,agregar_con_otras_imagenes_del_grupo,False,dataset_curado/test/atencion/atencion_02638.jpg
test,atencion,atencion,0.723943,media,agregar_con_otras_imagenes_del_grupo,True,dataset_curado/test/atencion/atencion_02698.jpg
test,atencion,atencion,0.517140,baja,captura_adicional_revision_o_gemini,True,dataset_curado/test/atencion/atencion_03480.jpg
test,atencion,atencion,0.468763,baja,captura_adicional_revision_o_gemini,True,dataset_curado/test/atencion/atencion_03591.jpg
test,atencion,peligro,0.988958,alta,alerta_preliminar_y_confirmar_con_gemini,False,dataset_curado/test/atencion/atencion_03699.jpg
test,atencion,peligro,0.715400,media,agregar_con_otras_imagenes_del_grupo,False,dataset_curado/test/atencion/atencion_03753.jpg
test,atencion,peligro,0.460381,baja,captura_adicional_revision_o_gemini,False,dataset_curado/test/atencion/atencion_03810.jpg
test,atencion,atencion,0.892981,alta,clasificacion_preliminar_no_final,True,dataset_curado/test/atencion/atencion_03812.jpg
test,atencion,sano,0.567764,baja,captura_adicional_revision_o_gemini,False,dataset_curado/test/atencion/atencion_04130.jpg
test,atencion,peligro,0.387417,baja,captura_adicional_revision_o_gemini,False,dataset_curado/test/atencion/atencion_04709.jpg
test,atencion,peligro,0.470612,baja,captura_adicional_revision_o_gemini,False,dataset_curado/test/atencion/atencion_05153.jpg
test,atencion,peligro,0.948485,alta,alerta_preliminar_y_confirmar_con_gemini,False,dataset_curado/test/atencion/atencion_05182.jpg
test,atencion,peligro,0.753240,media,agregar_con_otras_imagenes_del_grupo,False,dataset_curado/test/atencion/atencion_05497.jpg
test,atencion,atencion,0.580774,baja,captura_adicional_revision_o_gemini,True,dataset_curado/test/atencion/atencion_05833.jpg
test,atencion,atencion,0.812659,alta,clasificacion_preliminar_no_final,True,dataset_curado/test/atencion/atencion_08093.jpg
test,atencion,peligro,0.580475,baja,captura_adicional_revision_o_gemini,False,dataset_curado/test/atencion/atencion_08188.jpg
test,atencion,atencion,0.944805,alta,clasificacion_preliminar_no_final,True,dataset_curado/test/atencion/atencion_08218.jpg
test,atencion,sano,0.777292,media,agregar_con_otras_imagenes_del_grupo,False,dataset_curado/test/atencion/atencion_08361.jpg
test,atencion,peligro,0.646949,media,agregar_con_otras_imagenes_del_grupo,False,dataset_curado/test/atencion/atencion_08523.jpg
test,atencion,atencion,0.782392,media,agregar_con_otras_imagenes_del_grupo,True,dataset_curado/test/atencion/atencion_08739.jpg
test,atencion,atencion,0.692216,media,agregar_con_otras_imagenes_del_grupo,True,dataset_curado/test/atencion/atencion_10193.jpg
test,atencion,atencion,0.709264,media,agregar_con_otras_imagenes_del_grupo,True,dataset_curado/test/atencion/atencion_10281.jpg
test,atencion,atencion,0.615129,media,agregar_con_otras_imagenes_del_grupo,True,dataset_curado/test/atencion/atencion_10561.jpg
test,atencion,peligro,0.950385,alta,alerta_preliminar_y_confirmar_con_gemini,False,dataset_curado/test/atencion/atencion_11706.jpg
test,atencion,peligro,0.413879,baja,captura_adicional_revision_o_gemini,False,dataset_curado/test/atencion/atencion_11881.jpg
test,atencion,peligro,0.856792,alta,alerta_preliminar_y_confirmar_con_gemini,False,dataset_curado/test/atencion/atencion_12327.jpg
test,atencion,atencion,0.908885,alta,clasificacion_preliminar_no_final,True,dataset_curado/test/atencion/atencion_14070.jpg
test,atencion,atencion,0.485665,baja,captura_adicional_revision_o_gemini,True,dataset_curado/test/atencion/atencion_14072.jpg
test,atencion,atencion,0.750496,media,agregar_con_otras_imagenes_del_grupo,True,dataset_curado/test/atencion/atencion_14089.jpg
test,atencion,atencion,0.820580,alta,clasificacion_preliminar_no_final,True,dataset_curado/test/atencion/atencion_14107.jpg
test,atencion,atencion,0.637785,media,agregar_con_otras_imagenes_del_grupo,True,dataset_curado/test/atencion/atencion_14116.jpg
test,atencion,atencion,0.945070,alta,clasificacion_preliminar_no_final,True,dataset_curado/test/atencion/atencion_14167.jpg
test,atencion,atencion,0.716973,media,agregar_con_otras_imagenes_del_grupo,True,dataset_curado/test/atencion/atencion_14203.jpg
test,peligro,peligro,0.946716,alta,alerta_preliminar_y_confirmar_con_gemini,True,dataset_curado/test/peligro/peligro_00073.jpg
test,peligro,peligro,0.902531,alta,alerta_preliminar_y_confirmar_con_gemini,True,dataset_curado/test/peligro/peligro_00136.jpg
test,peligro,peligro,0.689510,media,agregar_con_otras_imagenes_del_grupo,True,dataset_curado/test/peligro/peligro_00202.jpg
test,peligro,atencion,0.521701,baja,captura_adicional_revision_o_gemini,False,dataset_curado/test/peligro/peligro_00243.jpg
test,peligro,peligro,0.940476,alta,alerta_preliminar_y_confirmar_con_gemini,True,dataset_curado/test/peligro/peligro_00371.jpg
test,peligro,peligro,0.415039,baja,captura_adicional_revision_o_gemini,True,dataset_curado/test/peligro/peligro_00398.jpg
test,peligro,peligro,0.990781,alta,alerta_preliminar_y_confirmar_con_gemini,True,dataset_curado/test/peligro/peligro_00560.jpg
test,peligro,peligro,0.973184,alta,alerta_preliminar_y_confirmar_con_gemini,True,dataset_curado/test/peligro/peligro_00607.jpg
test,peligro,sano,0.518468,baja,captura_adicional_revision_o_gemini,False,dataset_curado/test/peligro/peligro_00884.jpg
test,peligro,peligro,0.782513,media,agregar_con_otras_imagenes_del_grupo,True,dataset_curado/test/peligro/peligro_00886.jpg
test,peligro,peligro,0.940192,alta,alerta_preliminar_y_confirmar_con_gemini,True,dataset_curado/test/peligro/peligro_00919.jpg
test,peligro,peligro,0.792340,media,agregar_con_otras_imagenes_del_grupo,True,dataset_curado/test/peligro/peligro_00923.jpg
test,peligro,sano,0.732368,media,agregar_con_otras_imagenes_del_grupo,False,dataset_curado/test/peligro/peligro_01056.jpg
test,peligro,peligro,0.666912,media,agregar_con_otras_imagenes_del_grupo,True,dataset_curado/test/peligro/peligro_01146.jpg
test,peligro,peligro,0.607213,media,agregar_con_otras_imagenes_del_grupo,True,dataset_curado/test/peligro/peligro_01224.jpg
test,peligro,peligro,0.844074,alta,alerta_preliminar_y_confirmar_con_gemini,True,dataset_curado/test/peligro/peligro_01238.jpg
test,peligro,sano,0.587642,baja,captura_adicional_revision_o_gemini,False,dataset_curado/test/peligro/peligro_01272.jpg
test,peligro,peligro,0.852208,alta,alerta_preliminar_y_confirmar_con_gemini,True,dataset_curado/test/peligro/peligro_01415.jpg
test,peligro,peligro,0.519260,baja,captura_adicional_revision_o_gemini,True,dataset_curado/test/peligro/peligro_01426.jpg
test,peligro,atencion,0.890518,alta,clasificacion_preliminar_no_final,False,dataset_curado/test/peligro/peligro_01465.jpg
test,peligro,atencion,0.421163,baja,captura_adicional_revision_o_gemini,False,dataset_curado/test/peligro/peligro_01581.jpg
test,peligro,peligro,0.405966,baja,captura_adicional_revision_o_gemini,True,dataset_curado/test/peligro/peligro_01633.jpg
test,peligro,peligro,0.788053,media,agregar_con_otras_imagenes_del_grupo,True,dataset_curado/test/peligro/peligro_01670.jpg
test,peligro,peligro,0.658036,media,agregar_con_otras_imagenes_del_grupo,True,dataset_curado/test/peligro/peligro_01681.jpg
test,peligro,peligro,0.679920,media,agregar_con_otras_imagenes_del_grupo,True,dataset_curado/test/peligro/peligro_01746.jpg
test,peligro,atencion,0.695583,media,agregar_con_otras_imagenes_del_grupo,False,dataset_curado/test/peligro/peligro_01851.jpg
test,peligro,peligro,0.439240,baja,captura_adicional_revision_o_gemini,True,dataset_curado/test/peligro/peligro_01932.jpg
test,peligro,atencion,0.887238,alta,clasificacion_preliminar_no_final,False,dataset_curado/test/peligro/peligro_02033.jpg
test,peligro,atencion,0.442862,baja,captura_adicional_revision_o_gemini,False,dataset_curado/test/peligro/peligro_02276.jpg
test,peligro,sano,0.678325,media,agregar_con_otras_imagenes_del_grupo,False,dataset_curado/test/peligro/peligro_02300.jpg
test,peligro,sano,0.515056,baja,captura_adicional_revision_o_gemini,False,dataset_curado/test/peligro/peligro_02384.jpg
test,peligro,sano,0.912970,alta,clasificacion_preliminar_no_final,False,dataset_curado/test/peligro/peligro_02393.jpg
test,peligro,peligro,0.482264,baja,captura_adicional_revision_o_gemini,True,dataset_curado/test/peligro/peligro_02420.jpg
test,peligro,peligro,0.855945,alta,alerta_preliminar_y_confirmar_con_gemini,True,dataset_curado/test/peligro/peligro_02677.jpg
test,peligro,sano,0.864971,alta,clasificacion_preliminar_no_final,False,dataset_curado/test/peligro/peligro_02872.jpg
test,peligro,sano,0.595576,baja,captura_adicional_revision_o_gemini,False,dataset_curado/test/peligro/peligro_03000.jpg
test,peligro,peligro,0.910085,alta,alerta_preliminar_y_confirmar_con_gemini,True,dataset_curado/test/peligro/peligro_03077.jpg
test,peligro,atencion,0.364443,baja,captura_adicional_revision_o_gemini,False,dataset_curado/test/peligro/peligro_03081.jpg
test,peligro,peligro,0.630764,media,agregar_con_otras_imagenes_del_grupo,True,dataset_curado/test/peligro/peligro_03119.jpg
test,peligro,peligro,0.783369,media,agregar_con_otras_imagenes_del_grupo,True,dataset_curado/test/peligro/peligro_03329.jpg
test,peligro,peligro,0.982141,alta,alerta_preliminar_y_confirmar_con_gemini,True,dataset_curado/test/peligro/peligro_03663.jpg
test,peligro,sano,0.896837,alta,clasificacion_preliminar_no_final,False,dataset_curado/test/peligro/peligro_03912.jpg
test,peligro,peligro,0.787570,media,agregar_con_otras_imagenes_del_grupo,True,dataset_curado/test/peligro/peligro_04501.jpg
test,peligro,peligro,0.915523,alta,alerta_preliminar_y_confirmar_con_gemini,True,dataset_curado/test/peligro/peligro_04532.jpg
test,peligro,peligro,0.959916,alta,alerta_preliminar_y_confirmar_con_gemini,True,dataset_curado/test/peligro/peligro_04595.jpg
test,peligro,peligro,0.916638,alta,alerta_preliminar_y_confirmar_con_gemini,True,dataset_curado/test/peligro/peligro_04596.jpg
test,peligro,peligro,0.617074,media,agregar_con_otras_imagenes_del_grupo,True,dataset_curado/test/peligro/peligro_04732.jpg
test,peligro,peligro,0.860378,alta,alerta_preliminar_y_confirmar_con_gemini,True,dataset_curado/test/peligro/peligro_05145.jpg
test,peligro,peligro,0.955571,alta,alerta_preliminar_y_confirmar_con_gemini,True,dataset_curado/test/peligro/peligro_05258.jpg
test,peligro,peligro,0.800425,alta,alerta_preliminar_y_confirmar_con_gemini,True,dataset_curado/test/peligro/peligro_05714.jpg
test,peligro,peligro,0.549236,baja,captura_adicional_revision_o_gemini,True,dataset_curado/test/peligro/peligro_05907.jpg
test,peligro,peligro,0.873105,alta,alerta_preliminar_y_confirmar_con_gemini,True,dataset_curado/test/peligro/peligro_06015.jpg
test,peligro,peligro,0.989037,alta,alerta_preliminar_y_confirmar_con_gemini,True,dataset_curado/test/peligro/peligro_06101.jpg
test,peligro,peligro,0.982626,alta,alerta_preliminar_y_confirmar_con_gemini,True,dataset_curado/test/peligro/peligro_06150.jpg
test,peligro,peligro,0.804413,alta,alerta_preliminar_y_confirmar_con_gemini,True,dataset_curado/test/peligro/peligro_06317.jpg
test,peligro,peligro,0.943339,alta,alerta_preliminar_y_confirmar_con_gemini,True,dataset_curado/test/peligro/peligro_06346.jpg
test,peligro,atencion,0.370838,baja,captura_adicional_revision_o_gemini,False,dataset_curado/test/peligro/peligro_06437.jpg
test,peligro,peligro,0.791567,media,agregar_con_otras_imagenes_del_grupo,True,dataset_curado/test/peligro/peligro_06646.jpg
test,peligro,sano,0.502690,baja,captura_adicional_revision_o_gemini,False,dataset_curado/test/peligro/peligro_07206.jpg
test,peligro,peligro,0.822653,alta,alerta_preliminar_y_confirmar_con_gemini,True,dataset_curado/test/peligro/peligro_07232.jpg
test,peligro,peligro,0.768903,media,agregar_con_otras_imagenes_del_grupo,True,dataset_curado/test/peligro/peligro_07414.jpg
test,peligro,peligro,0.590477,baja,captura_adicional_revision_o_gemini,True,dataset_curado/test/peligro/peligro_07983.jpg
test,peligro,peligro,0.576600,baja,captura_adicional_revision_o_gemini,True,dataset_curado/test/peligro/peligro_08049.jpg
test,peligro,peligro,0.400818,baja,captura_adicional_revision_o_gemini,True,dataset_curado/test/peligro/peligro_08284.jpg
test,peligro,sano,0.381488,baja,captura_adicional_revision_o_gemini,False,dataset_curado/test/peligro/peligro_08685.jpg
test,peligro,peligro,0.940063,alta,alerta_preliminar_y_confirmar_con_gemini,True,dataset_curado/test/peligro/peligro_10111.jpg
test,peligro,peligro,0.678689,media,agregar_con_otras_imagenes_del_grupo,True,dataset_curado/test/peligro/peligro_10218.jpg
test,peligro,sano,0.523660,baja,captura_adicional_revision_o_gemini,False,dataset_curado/test/peligro/peligro_10310.jpg
test,peligro,peligro,0.501416,baja,captura_adicional_revision_o_gemini,True,dataset_curado/test/peligro/peligro_10357.jpg
test,peligro,peligro,0.458458,baja,captura_adicional_revision_o_gemini,True,dataset_curado/test/peligro/peligro_10582.jpg
test,peligro,peligro,0.433621,baja,captura_adicional_revision_o_gemini,True,dataset_curado/test/peligro/peligro_11398.jpg
test,peligro,atencion,0.508572,baja,captura_adicional_revision_o_gemini,False,dataset_curado/test/peligro/peligro_12700.jpg
test,peligro,peligro,0.902843,alta,alerta_preliminar_y_confirmar_con_gemini,True,dataset_curado/test/peligro/peligro_14276.jpg
test,peligro,peligro,0.933345,alta,alerta_preliminar_y_confirmar_con_gemini,True,dataset_curado/test/peligro/peligro_14591.jpg
test,sano,sano,0.956072,alta,clasificacion_preliminar_no_final,True,dataset_curado/test/sano/sano_00116.jpg
test,sano,sano,0.720037,media,agregar_con_otras_imagenes_del_grupo,True,dataset_curado/test/sano/sano_00170.jpg
test,sano,sano,0.774143,media,agregar_con_otras_imagenes_del_grupo,True,dataset_curado/test/sano/sano_00254.jpg
test,sano,atencion,0.714889,media,agregar_con_otras_imagenes_del_grupo,False,dataset_curado/test/sano/sano_00429.jpg
test,sano,atencion,0.548572,baja,captura_adicional_revision_o_gemini,False,dataset_curado/test/sano/sano_00438.jpg
test,sano,sano,0.733181,media,agregar_con_otras_imagenes_del_grupo,True,dataset_curado/test/sano/sano_00538.jpg
test,sano,sano,0.525288,baja,captura_adicional_revision_o_gemini,True,dataset_curado/test/sano/sano_00744.jpg
test,sano,sano,0.741175,media,agregar_con_otras_imagenes_del_grupo,True,dataset_curado/test/sano/sano_00767.jpg
test,sano,sano,0.914476,alta,clasificacion_preliminar_no_final,True,dataset_curado/test/sano/sano_00862.jpg
test,sano,peligro,0.586369,baja,captura_adicional_revision_o_gemini,False,dataset_curado/test/sano/sano_00903.jpg
test,sano,sano,0.787368,media,agregar_con_otras_imagenes_del_grupo,True,dataset_curado/test/sano/sano_00923.jpg
test,sano,sano,0.599527,baja,captura_adicional_revision_o_gemini,True,dataset_curado/test/sano/sano_00933.jpg
test,sano,sano,0.892998,alta,clasificacion_preliminar_no_final,True,dataset_curado/test/sano/sano_01048.jpg
test,sano,sano,0.506136,baja,captura_adicional_revision_o_gemini,True,dataset_curado/test/sano/sano_01087.jpg
test,sano,peligro,0.500461,baja,captura_adicional_revision_o_gemini,False,dataset_curado/test/sano/sano_01187.jpg
test,sano,sano,0.873935,alta,clasificacion_preliminar_no_final,True,dataset_curado/test/sano/sano_01224.jpg
test,sano,sano,0.567497,baja,captura_adicional_revision_o_gemini,True,dataset_curado/test/sano/sano_01241.jpg
test,sano,sano,0.974571,alta,clasificacion_preliminar_no_final,True,dataset_curado/test/sano/sano_01307.jpg
test,sano,sano,0.887648,alta,clasificacion_preliminar_no_final,True,dataset_curado/test/sano/sano_01326.jpg
test,sano,sano,0.697399,media,agregar_con_otras_imagenes_del_grupo,True,dataset_curado/test/sano/sano_01354.jpg
test,sano,sano,0.986368,alta,clasificacion_preliminar_no_final,True,dataset_curado/test/sano/sano_01390.jpg
test,sano,sano,0.829807,alta,clasificacion_preliminar_no_final,True,dataset_curado/test/sano/sano_01548.jpg
test,sano,sano,0.921447,alta,clasificacion_preliminar_no_final,True,dataset_curado/test/sano/sano_01606.jpg
test,sano,sano,0.924692,alta,clasificacion_preliminar_no_final,True,dataset_curado/test/sano/sano_01630.jpg
test,sano,sano,0.703160,media,agregar_con_otras_imagenes_del_grupo,True,dataset_curado/test/sano/sano_01740.jpg
test,sano,sano,0.939055,alta,clasificacion_preliminar_no_final,True,dataset_curado/test/sano/sano_01755.jpg
test,sano,sano,0.534890,baja,captura_adicional_revision_o_gemini,True,dataset_curado/test/sano/sano_01780.jpg
test,sano,sano,0.683152,media,agregar_con_otras_imagenes_del_grupo,True,dataset_curado/test/sano/sano_01826.jpg
test,sano,peligro,0.633455,media,agregar_con_otras_imagenes_del_grupo,False,dataset_curado/test/sano/sano_01984.jpg
test,sano,sano,0.838364,alta,clasificacion_preliminar_no_final,True,dataset_curado/test/sano/sano_02091.jpg
test,sano,sano,0.730379,media,agregar_con_otras_imagenes_del_grupo,True,dataset_curado/test/sano/sano_02169.jpg
test,sano,atencion,0.642775,media,agregar_con_otras_imagenes_del_grupo,False,dataset_curado/test/sano/sano_02170.jpg
test,sano,sano,0.598664,baja,captura_adicional_revision_o_gemini,True,dataset_curado/test/sano/sano_02217.jpg
test,sano,sano,0.749138,media,agregar_con_otras_imagenes_del_grupo,True,dataset_curado/test/sano/sano_02242.jpg
test,sano,sano,0.643463,media,agregar_con_otras_imagenes_del_grupo,True,dataset_curado/test/sano/sano_02263.jpg
test,sano,sano,0.732451,media,agregar_con_otras_imagenes_del_grupo,True,dataset_curado/test/sano/sano_02359.jpg
test,sano,peligro,0.644020,media,agregar_con_otras_imagenes_del_grupo,False,dataset_curado/test/sano/sano_02393.jpg
test,sano,sano,0.783126,media,agregar_con_otras_imagenes_del_grupo,True,dataset_curado/test/sano/sano_02456.jpg
test,sano,sano,0.991223,alta,clasificacion_preliminar_no_final,True,dataset_curado/test/sano/sano_02506.jpg
test,sano,atencion,0.474521,baja,captura_adicional_revision_o_gemini,False,dataset_curado/test/sano/sano_02650.jpg
test,sano,sano,0.385178,baja,captura_adicional_revision_o_gemini,True,dataset_curado/test/sano/sano_02706.jpg
test,sano,sano,0.746482,media,agregar_con_otras_imagenes_del_grupo,True,dataset_curado/test/sano/sano_03296.jpg
test,sano,sano,0.702949,media,agregar_con_otras_imagenes_del_grupo,True,dataset_curado/test/sano/sano_03941.jpg
test,sano,sano,0.508405,baja,captura_adicional_revision_o_gemini,True,dataset_curado/test/sano/sano_04156.jpg
test,sano,sano,0.958333,alta,clasificacion_preliminar_no_final,True,dataset_curado/test/sano/sano_04780.jpg
test,sano,sano,0.957471,alta,clasificacion_preliminar_no_final,True,dataset_curado/test/sano/sano_04983.jpg
test,sano,sano,0.950120,alta,clasificacion_preliminar_no_final,True,dataset_curado/test/sano/sano_05052.jpg
test,sano,sano,0.971495,alta,clasificacion_preliminar_no_final,True,dataset_curado/test/sano/sano_05399.jpg
test,sano,sano,0.550066,baja,captura_adicional_revision_o_gemini,True,dataset_curado/test/sano/sano_05525.jpg
test,sano,sano,0.877771,alta,clasificacion_preliminar_no_final,True,dataset_curado/test/sano/sano_06527.jpg
test,sano,sano,0.872676,alta,clasificacion_preliminar_no_final,True,dataset_curado/test/sano/sano_07289.jpg
test,sano,sano,0.959512,alta,clasificacion_preliminar_no_final,True,dataset_curado/test/sano/sano_08252.jpg
test,sano,sano,0.896677,alta,clasificacion_preliminar_no_final,True,dataset_curado/test/sano/sano_08648.jpg
test,sano,sano,0.979450,alta,clasificacion_preliminar_no_final,True,dataset_curado/test/sano/sano_08827.jpg
test,sano,sano,0.914779,alta,clasificacion_preliminar_no_final,True,dataset_curado/test/sano/sano_08897.jpg
test,sano,sano,0.683416,media,agregar_con_otras_imagenes_del_grupo,True,dataset_curado/test/sano/sano_08966.jpg
test,sano,peligro,0.940262,alta,alerta_preliminar_y_confirmar_con_gemini,False,dataset_curado/test/sano/sano_09175.jpg
test,sano,atencion,0.382017,baja,captura_adicional_revision_o_gemini,False,dataset_curado/test/sano/sano_09326.jpg
test,sano,sano,0.996209,alta,clasificacion_preliminar_no_final,True,dataset_curado/test/sano/sano_09464.jpg
test,sano,sano,0.563449,baja,captura_adicional_revision_o_gemini,True,dataset_curado/test/sano/sano_10255.jpg
test,sano,sano,0.592498,baja,captura_adicional_revision_o_gemini,True,dataset_curado/test/sano/sano_11334.jpg
test,sano,sano,0.897741,alta,clasificacion_preliminar_no_final,True,dataset_curado/test/sano/sano_12378.jpg
test,sano,sano,0.762102,media,agregar_con_otras_imagenes_del_grupo,True,dataset_curado/test/sano/sano_12407.jpg
test,sano,sano,0.955869,alta,clasificacion_preliminar_no_final,True,dataset_curado/test/sano/sano_12416.jpg
test,sano,sano,0.919268,alta,clasificacion_preliminar_no_final,True,dataset_curado/test/sano/sano_12435.jpg
test,sano,sano,0.828145,alta,clasificacion_preliminar_no_final,True,dataset_curado/test/sano/sano_12438.jpg
test,sano,sano,0.885109,alta,clasificacion_preliminar_no_final,True,dataset_curado/test/sano/sano_12465.jpg
test,sano,sano,0.949791,alta,clasificacion_preliminar_no_final,True,dataset_curado/test/sano/sano_12492.jpg
test,sano,sano,0.966355,alta,clasificacion_preliminar_no_final,True,dataset_curado/test/sano/sano_12498.jpg
test,sano,sano,0.982330,alta,clasificacion_preliminar_no_final,True,dataset_curado/test/sano/sano_12501.jpg
test,sano,sano,0.968330,alta,clasificacion_preliminar_no_final,True,dataset_curado/test/sano/sano_12506.jpg
test,sano,atencion,0.561329,baja,captura_adicional_revision_o_gemini,False,dataset_curado/test/sano/sano_12535.jpg
test,sano,sano,0.918578,alta,clasificacion_preliminar_no_final,True,dataset_curado/test/sano/sano_12543.jpg
test,sano,sano,0.522555,baja,captura_adicional_revision_o_gemini,True,dataset_curado/test/sano/sano_12565.jpg
